Week,Day,Time,Task,Target,Metric,Status,Result,Notes
Week_1,Monday,9:00 AM,Apply to Abridge,Principal Engineer,Application sent,TODO,,Highest priority - $550M funding
Week_1,Monday,9:30 AM,Apply to Tempus,Multiple roles,Application sent,TODO,,59 open positions
Week_1,Monday,10:00 AM,Update LinkedIn headline,Profile optimization,Headline updated,TODO,,Fractional CTO messaging
Week_1,Monday,10:30 AM,Email Shiv Rao,Abridge CEO,Email sent,TODO,,Personal outreach
Week_1,Monday,11:00 AM,Contact Kaye/Bassman,Recruiter outreach,Contact made,TODO,,Healthcare IT specialist
Week_1,Monday,11:30 AM,Apply Oscar Health,GenAI roles,Application sent,TODO,,Healthcare AI focus
Week_1,Monday,12:00 PM,LinkedIn post,Network announcement,Post published,TODO,,Fractional CTO availability
Week_1,Monday,2:00 PM,Email 5 CEOs,Healthcare startups,5 emails sent,TODO,,Use templates
Week_1,Monday,3:00 PM,Apply UnitedHealth,Principal AI,Application sent,TODO,,Fortune 10 company
Week_1,Monday,4:00 PM,Contact Direct Recruiters,Executive search,Contact made,TODO,,PE/VC connections
Week_1,Tuesday,9:00 AM,Apply CVS/Aetna,Staff Engineer,Application sent,TODO,,AI transformation
Week_1,Tuesday,10:00 AM,LinkedIn InMails,10 CTOs,Messages sent,TODO,,Healthcare AI leaders
Week_1,Tuesday,11:00 AM,Apply Anthem,Principal role,Application sent,TODO,,Healthcare focus
Week_1,Tuesday,2:00 PM,Email 5 more CEOs,Funded startups,5 emails sent,TODO,,Series A/B companies
Week_1,Tuesday,3:00 PM,Join Slack communities,3 communities,Joined,TODO,,Healthcare AI groups
Week_1,Tuesday,4:00 PM,Update GitHub,Portfolio refresh,Updated,TODO,,Showcase projects
Week_1,Wednesday,9:00 AM,Follow up Abridge,Application status,Follow-up sent,TODO,,Check application
Week_1,Wednesday,10:00 AM,Apply Medium,VP Engineering,Application sent,TODO,,Reports to CEO
Week_1,Wednesday,11:00 AM,Recruiter calls,Schedule 3 calls,Calls booked,TODO,,Initial discussions
Week_1,Wednesday,2:00 PM,Fractional pitches,5 companies,Pitches sent,TODO,,$15K/month targets
Week_1,Wednesday,3:00 PM,Apply Centene,IT positions,Application sent,TODO,,300 positions planned
Week_1,Wednesday,4:00 PM,Network outreach,Humana alumni,10 messages,TODO,,Former colleagues
Week_1,Thursday,9:00 AM,Discovery calls,2 scheduled,Calls completed,TODO,,Qualification calls
Week_1,Thursday,11:00 AM,Email healthcare VCs,Portfolio companies,5 emails sent,TODO,,Warm intros
Week_1,Thursday,2:00 PM,Apply 3 more companies,Principal roles,Applications sent,TODO,,Tier 2 targets
Week_1,Thursday,3:00 PM,LinkedIn content,Thought leadership,Article posted,TODO,,AI in healthcare
Week_1,Thursday,4:00 PM,Follow up emails,Previous outreach,10 follow-ups,TODO,,Persistence
Week_1,Friday,9:00 AM,Week review,Metrics check,Review complete,TODO,,Assess progress
Week_1,Friday,10:00 AM,Recruiter follow-ups,Touch base,Emails sent,TODO,,Keep warm
Week_1,Friday,11:00 AM,Apply 2 companies,New postings,Applications sent,TODO,,Fresh opportunities
Week_1,Friday,2:00 PM,Fractional proposals,2 interested parties,Proposals sent,TODO,,Detailed offerings
Week_1,Friday,3:00 PM,Network calls,2 scheduled,Calls completed,TODO,,Relationship building
Week_1,Friday,4:00 PM,Plan Week 2,Strategy adjust,Plan created,TODO,,Based on results
Week_2,Monday,9:00 AM,Priority follow-ups,Hot leads,5 follow-ups,TODO,,Close opportunities
Week_2,Monday,10:00 AM,Second interviews,Schedule 2,Interviews booked,TODO,,Move forward
Week_2,Monday,11:00 AM,Fractional negotiations,2 prospects,Terms discussed,TODO,,$15K/month target
Week_2,Monday,2:00 PM,New applications,5 companies,Applications sent,TODO,,Maintain pipeline
Week_2,Monday,3:00 PM,CEO outreach round 2,10 new targets,Emails sent,TODO,,Expand reach
Week_2,Tuesday,9:00 AM,Interview prep,Research companies,Prep complete,TODO,,Deep preparation
Week_2,Tuesday,2:00 PM,Interviews,2 scheduled,Completed,TODO,,Principal roles
Week_2,Wednesday,9:00 AM,Fractional close,1 client target,Contract signed,TODO,,$15K/month goal
Week_2,Wednesday,2:00 PM,Consulting proposals,3 opportunities,Proposals sent,TODO,,Project work
Week_2,Thursday,9:00 AM,Final interviews,If progressed,Completed,TODO,,Close deals
Week_2,Thursday,2:00 PM,Negotiate offers,If received,Terms agreed,TODO,,$400K+ target
Week_2,Friday,9:00 AM,Week 2 review,Progress check,Review complete,TODO,,Measure success
Week_2,Friday,2:00 PM,Income assessment,Revenue secured,Assessment done,TODO,,Target $20K/month